{
  "astronaut_1": [
    3.0,
    4.666666666666667
  ],
  "astronaut_2": [
    2.0,
    4.666666666666667
  ],
  "astronaut_3": [
    3.0,
    3.0,
    3.3333333333333335
  ],
  "astronaut_4": [
    2.3333333333333335,
    4.333333333333333,
    3.3333333333333335
  ],
  "astronaut_5": [
    2.6666666666666665,
    4.333333333333333,
    4.333333333333333
  ],
  "astronaut_6": [
    3.3333333333333335,
    5.0,
    3.3333333333333335
  ],
  "astronaut_7": [
    4.0,
    3.3333333333333335,
    4.0
  ],
  "astronaut_8": [
    3.0,
    3.3333333333333335,
    5.0
  ],
  "astronaut_9": [
    2.6666666666666665,
    4.333333333333333,
    4.333333333333333
  ],
  "astronaut_10": [
    2.6666666666666665,
    4.666666666666667,
    4.0
  ],
  "astronaut_11": [
    3.6666666666666665,
    4.0,
    3.3333333333333335
  ],
  "astronaut_12": [
    4.0,
    3.0,
    4.333333333333333,
    4.0
  ],
  "astronaut_13": [
    2.6666666666666665,
    4.666666666666667,
    2.3333333333333335,
    5.0
  ],
  "astronaut_14": [
    2.0,
    5.666666666666667,
    4.333333333333333,
    4.333333333333333
  ],
  "astronaut_15": [
    4.0,
    3.6666666666666665,
    4.0,
    4.0
  ],
  "astronaut_16": [
    3.0,
    4.0,
    4.666666666666667,
    3.6666666666666665
  ],
  "astronaut_17": [
    4.333333333333333,
    4.0,
    5.333333333333333,
    4.0
  ],
  "astronaut_18": [
    3.3333333333333335,
    5.0,
    3.6666666666666665,
    3.0
  ],
  "astronaut_19": [
    3.6666666666666665,
    3.3333333333333335,
    4.666666666666667,
    5.333333333333333
  ],
  "astronaut_20": [
    5.0,
    4.0,
    5.0,
    3.6666666666666665
  ],
  "astronaut_21": [
    6.0,
    4.0,
    1.3333333333333333,
    4.333333333333333
  ],
  "astronaut_22": [
    3.3333333333333335,
    4.333333333333333,
    3.6666666666666665,
    3.6666666666666665
  ],
  "astronaut_23": [
    3.0,
    3.6666666666666665,
    2.3333333333333335,
    5.666666666666667
  ],
  "astronaut_24": [
    4.0,
    4.0,
    3.3333333333333335
  ],
  "astronaut_25": [
    4.333333333333333,
    4.0,
    4.0
  ],
  "astronaut_26": [
    4.0,
    4.333333333333333,
    4.666666666666667
  ],
  "astronaut_27": [
    4.0,
    3.3333333333333335
  ],
  "astronaut_28": [
    3.6666666666666665,
    4.0,
    4.666666666666667
  ],
  "astronaut_29": [
    2.3333333333333335,
    5.333333333333333,
    2.6666666666666665
  ],
  "astronaut_30": [
    3.6666666666666665,
    4.666666666666667,
    3.6666666666666665
  ],
  "astronaut_31": [
    3.6666666666666665,
    3.3333333333333335,
    4.666666666666667
  ],
  "astronaut_32": [
    2.6666666666666665,
    3.3333333333333335,
    1.3333333333333333
  ],
  "astronaut_33": [
    2.0,
    2.6666666666666665,
    4.666666666666667
  ],
  "astronaut_34": [
    4.0,
    4.0
  ],
  "astronaut_35": [
    3.0,
    2.3333333333333335,
    4.333333333333333
  ],
  "astronaut_36": [
    3.6666666666666665,
    4.0,
    4.666666666666667
  ],
  "astronaut_37": [
    3.0,
    3.0,
    3.3333333333333335
  ],
  "astronaut_38": [
    3.6666666666666665,
    4.0,
    5.0
  ],
  "astronaut_39": [
    4.0,
    2.3333333333333335,
    4.0
  ],
  "astronaut_40": [
    4.333333333333333,
    4.0,
    4.333333333333333
  ],
  "astronaut_41": [
    2.3333333333333335,
    5.333333333333333,
    4.333333333333333
  ],
  "astronaut_42": [
    3.0,
    4.666666666666667,
    4.0
  ],
  "astronaut_43": [
    2.3333333333333335,
    2.3333333333333335,
    4.333333333333333
  ],
  "astronaut_44": [
    3.3333333333333335,
    1.0,
    4.666666666666667
  ],
  "astronaut_45": [
    3.6666666666666665,
    2.6666666666666665,
    4.0
  ],
  "astronaut_46": [
    3.3333333333333335,
    5.333333333333333,
    4.333333333333333
  ],
  "astronaut_47": [
    4.0,
    2.3333333333333335,
    4.333333333333333
  ]
}