{
  "dkg_single_10": [
    51.666666666666664,
    33.333333333333336,
    5.0,
    10.0
  ],
  "dkg_single_9": [
    13.333333333333334,
    43.333333333333336,
    43.333333333333336
  ],
  "dkg_single_1": [
    13.333333333333334,
    38.333333333333336,
    18.333333333333332,
    30.0
  ],
  "dkg_single_31": [
    43.333333333333336,
    21.666666666666668,
    35.0
  ],
  "dkg_single_22": [
    70.0,
    25.0,
    3.3333333333333335,
    1.6666666666666667
  ],
  "dkg_single_14": [
    6.666666666666667,
    36.666666666666664,
    6.666666666666667,
    50.0
  ],
  "dkg_single_19": [
    8.333333333333334,
    36.666666666666664,
    55.0
  ],
  "dkg_single_12": [
    43.333333333333336,
    41.666666666666664,
    6.666666666666667,
    8.333333333333334
  ],
  "dkg_single_8": [
    73.33333333333333,
    20.0,
    5.0,
    1.6666666666666667
  ],
  "dkg_single_3": [
    18.666666666666668,
    22.0,
    31.666666666666668,
    12.0
  ],
  "dkg_single_26": [
    90.0,
    6.666666666666667,
    3.3333333333333335
  ],
  "dkg_single_27": [
    5.0,
    6.666666666666667,
    88.33333333333333
  ],
  "dkg_single_30": [
    50.0,
    10.0,
    28.333333333333332,
    11.666666666666666
  ],
  "dkg_single_20": [
    21.666666666666668,
    5.0,
    73.33333333333333
  ],
  "dkg_single_6": [
    11.666666666666666,
    5.0,
    13.333333333333334,
    70.0
  ],
  "dkg_single_17": [
    15.0,
    3.3333333333333335,
    3.3333333333333335,
    78.33333333333333
  ],
  "dkg_single_25": [
    83.33333333333333,
    11.666666666666666,
    3.3333333333333335,
    1.6666666666666667
  ],
  "dkg_single_2": [
    11.666666666666666,
    13.333333333333334,
    46.666666666666664,
    28.333333333333332
  ],
  "dkg_single_13": [
    26.666666666666668,
    53.333333333333336,
    20.0
  ],
  "dkg_single_11": [
    83.33333333333333,
    6.666666666666667,
    10.0
  ],
  "dkg_single_32": [
    53.333333333333336,
    33.333333333333336,
    5.0,
    8.333333333333334
  ],
  "dkg_single_4": [
    33.333333333333336,
    3.3333333333333335,
    1.6666666666666667,
    65.0
  ],
  "dkg_single_28": [
    0.0,
    0.0,
    0.0,
    100.0
  ],
  "dkg_single_29": [
    3.3333333333333335,
    3.3333333333333335,
    3.3333333333333335,
    90.0
  ],
  "dkg_single_18": [
    56.666666666666664,
    26.666666666666668,
    16.666666666666668
  ],
  "dkg_single_7": [
    65.0,
    3.3333333333333335,
    55.0,
    6.666666666666667
  ],
  "dkg_single_24": [
    10.0,
    76.66666666666667,
    6.666666666666667,
    6.666666666666667
  ],
  "dkg_single_23": [
    50.0,
    13.333333333333334,
    36.666666666666664
  ],
  "dkg_single_16": [
    91.66666666666667,
    2.0,
    2.0,
    4.333333333333333
  ],
  "dkg_single_15": [
    5.0,
    26.666666666666668,
    3.3333333333333335,
    65.0
  ],
  "dkg_single_21": [
    6.666666666666667,
    8.333333333333334,
    30.0,
    55.0
  ],
  "dkg_single_5": [
    68.33333333333333,
    10.333333333333334,
    7.666666666666667,
    7.0
  ]
}