{
  "dkg_reuse_1": [
    46.666666666666664,
    40.0,
    16.666666666666668,
    26.666666666666668
  ],
  "dkg_reuse_2": [
    16.666666666666668,
    10.0,
    36.666666666666664,
    53.333333333333336
  ],
  "dkg_reuse_3": [
    5.0,
    3.3333333333333335,
    30.0,
    85.0
  ],
  "dkg_reuse_7": [
    66.66666666666667,
    11.666666666666666,
    26.666666666666668,
    45.0
  ],
  "dkg_reuse_8": [
    60.0,
    20.0,
    30.0,
    16.666666666666668
  ],
  "dkg_reuse_10": [
    83.33333333333333,
    6.666666666666667,
    5.0,
    21.666666666666668
  ],
  "dkg_reuse_12": [
    66.66666666666667,
    46.666666666666664,
    10.0,
    13.333333333333334
  ],
  "dkg_reuse_13": [
    38.333333333333336,
    35.0,
    26.666666666666668
  ],
  "dkg_reuse_14": [
    0.0,
    73.33333333333333,
    3.3333333333333335,
    36.666666666666664
  ],
  "dkg_reuse_18": [
    56.666666666666664,
    21.666666666666668,
    21.666666666666668
  ],
  "dkg_reuse_22": [
    46.666666666666664,
    53.333333333333336,
    3.3333333333333335,
    3.3333333333333335
  ],
  "dkg_reuse_24": [
    20.0,
    30.0,
    33.333333333333336,
    23.333333333333332
  ],
  "dkg_reuse_27": [
    3.3333333333333335,
    65.0,
    31.666666666666668
  ],
  "dkg_reuse_29": [
    16.666666666666668,
    16.666666666666668,
    6.666666666666667,
    80.0
  ],
  "dkg_reuse_31": [
    25.333333333333332,
    32.0,
    42.333333333333336
  ],
  "dkg_reuse_32": [
    23.333333333333332,
    40.0,
    25.0,
    11.666666666666666
  ]
}