{
  "dkg_double_1": [
    40.0,
    31.666666666666668,
    20.0,
    8.333333333333334
  ],
  "dkg_double_2": [
    5.666666666666667,
    3.3333333333333335,
    36.0,
    55.0
  ],
  "dkg_double_3": [
    30.0,
    20.0,
    28.333333333333332,
    21.666666666666668
  ],
  "dkg_double_4": [
    60.0,
    26.666666666666668,
    8.333333333333334,
    5.0
  ],
  "dkg_double_5": [
    20.0,
    55.0,
    5.0,
    20.0
  ],
  "dkg_double_6": [
    45.0,
    6.666666666666667,
    21.666666666666668,
    26.666666666666668
  ],
  "dkg_double_9": [
    55.0,
    16.666666666666668,
    28.333333333333332
  ],
  "dkg_double_11": [
    76.66666666666667,
    13.333333333333334,
    10.0
  ],
  "dkg_double_12": [
    38.333333333333336,
    26.666666666666668,
    15.0,
    20.0
  ],
  "dkg_double_13": [
    35.0,
    58.333333333333336,
    6.666666666666667
  ],
  "dkg_double_14": [
    5.0,
    50.0,
    6.666666666666667,
    38.333333333333336
  ],
  "dkg_double_15": [
    30.0,
    26.666666666666668,
    21.666666666666668,
    21.666666666666668
  ],
  "dkg_double_18": [
    11.666666666666666,
    51.666666666666664,
    36.666666666666664
  ],
  "dkg_double_20": [
    45.0,
    21.666666666666668,
    33.333333333333336
  ],
  "dkg_double_21": [
    6.666666666666667,
    38.333333333333336,
    11.666666666666666,
    43.333333333333336
  ],
  "dkg_double_26": [
    58.333333333333336,
    23.333333333333332,
    18.333333333333332
  ]
}