{
  "dkg_reuse_1": [
    13.333333333333334,
    10.0,
    46.666666666666664,
    46.666666666666664
  ],
  "dkg_reuse_2": [
    10.0,
    10.0,
    40.0,
    40.0
  ],
  "dkg_reuse_3": [
    10.0,
    30.0,
    63.333333333333336,
    30.0
  ],
  "dkg_reuse_7": [
    51.666666666666664,
    30.0,
    10.0,
    8.333333333333334
  ],
  "dkg_reuse_8": [
    50.0,
    16.666666666666668,
    18.333333333333332,
    15.0
  ],
  "dkg_reuse_10": [
    25.333333333333332,
    31.666666666666668,
    6.666666666666667,
    36.333333333333336
  ],
  "dkg_reuse_12": [
    25.0,
    30.0,
    11.666666666666666,
    33.333333333333336
  ],
  "dkg_reuse_13": [
    58.333333333333336,
    33.333333333333336,
    8.333333333333334
  ],
  "dkg_reuse_14": [
    3.3333333333333335,
    45.0,
    5.0,
    50.0
  ],
  "dkg_reuse_18": [
    40.0,
    31.666666666666668,
    28.333333333333332
  ],
  "dkg_reuse_22": [
    38.333333333333336,
    13.333333333333334,
    36.666666666666664,
    26.666666666666668
  ],
  "dkg_reuse_24": [
    21.666666666666668,
    26.666666666666668,
    10.0,
    41.666666666666664
  ],
  "dkg_reuse_27": [
    20.0,
    35.0,
    45.0
  ],
  "dkg_reuse_29": [
    35.0,
    8.333333333333334,
    8.333333333333334,
    48.333333333333336
  ],
  "dkg_reuse_31": [
    21.0,
    36.0,
    43.0
  ],
  "dkg_reuse_32": [
    18.333333333333332,
    66.66666666666667,
    6.666666666666667,
    8.333333333333334
  ]
}