{
  "dkg_double_1": [
    31.666666666666668,
    21.666666666666668,
    41.666666666666664,
    18.333333333333332
  ],
  "dkg_double_2": [
    40.0,
    16.666666666666668,
    23.333333333333332,
    20.0
  ],
  "dkg_double_3": [
    50.0,
    26.666666666666668,
    21.666666666666668,
    18.333333333333332
  ],
  "dkg_double_4": [
    73.33333333333333,
    30.0,
    8.333333333333334,
    5.0
  ],
  "dkg_double_5": [
    93.33333333333333,
    3.3333333333333335,
    6.0,
    0.6666666666666666
  ],
  "dkg_double_6": [
    46.666666666666664,
    0.0,
    46.666666666666664,
    6.666666666666667
  ],
  "dkg_double_9": [
    53.333333333333336,
    36.666666666666664,
    10.0
  ],
  "dkg_double_11": [
    81.66666666666667,
    0.0,
    18.333333333333332
  ],
  "dkg_double_12": [
    71.66666666666667,
    43.333333333333336,
    8.333333333333334,
    6.666666666666667
  ],
  "dkg_double_13": [
    53.333333333333336,
    33.333333333333336,
    13.333333333333334
  ],
  "dkg_double_14": [
    6.666666666666667,
    96.66666666666667,
    1.6666666666666667,
    16.666666666666668
  ],
  "dkg_double_15": [
    5.0,
    73.33333333333333,
    6.666666666666667,
    30.0
  ],
  "dkg_double_18": [
    10.0,
    45.0,
    45.0
  ],
  "dkg_double_20": [
    36.666666666666664,
    33.333333333333336,
    36.666666666666664
  ],
  "dkg_double_21": [
    96.66666666666667,
    0.0,
    13.333333333333334,
    0.0
  ],
  "dkg_double_26": [
    54.333333333333336,
    12.666666666666666,
    46.333333333333336
  ]
}