{
  "dkg_single_1": [
    8.333333333333334,
    8.333333333333334,
    33.333333333333336,
    50.0
  ],
  "dkg_single_2": [
    6.666666666666667,
    8.333333333333334,
    63.333333333333336,
    36.666666666666664
  ],
  "dkg_single_3": [
    10.0,
    9.0,
    38.333333333333336,
    42.666666666666664
  ],
  "dkg_single_4": [
    66.66666666666667,
    0.0,
    0.0,
    33.333333333333336
  ],
  "dkg_single_5": [
    91.66666666666667,
    5.0,
    1.6666666666666667,
    1.6666666666666667
  ],
  "dkg_single_6": [
    23.333333333333332,
    0.0,
    6.666666666666667,
    70.0
  ],
  "dkg_single_7": [
    35.0,
    46.666666666666664,
    10.0,
    8.333333333333334
  ],
  "dkg_single_8": [
    40.0,
    46.666666666666664,
    26.666666666666668,
    6.666666666666667
  ],
  "dkg_single_9": [
    26.666666666666668,
    36.666666666666664,
    36.666666666666664
  ],
  "dkg_single_10": [
    56.666666666666664,
    26.666666666666668,
    10.0,
    6.666666666666667
  ],
  "dkg_single_11": [
    73.33333333333333,
    6.666666666666667,
    20.0
  ],
  "dkg_single_12": [
    55.0,
    35.0,
    8.333333333333334,
    1.6666666666666667
  ],
  "dkg_single_13": [
    63.333333333333336,
    33.333333333333336,
    3.3333333333333335
  ],
  "dkg_single_14": [
    5.0,
    5.0,
    33.333333333333336,
    56.666666666666664
  ],
  "dkg_single_15": [
    0.0,
    80.0,
    1.6666666666666667,
    18.333333333333332
  ],
  "dkg_single_16": [
    80.0,
    3.3333333333333335,
    3.3333333333333335,
    13.333333333333334
  ],
  "dkg_single_17": [
    43.333333333333336,
    5.0,
    5.0,
    46.666666666666664
  ],
  "dkg_single_18": [
    46.666666666666664,
    1.6666666666666667,
    51.666666666666664
  ],
  "dkg_single_19": [
    1.6666666666666667,
    33.333333333333336,
    65.0
  ],
  "dkg_single_20": [
    56.666666666666664,
    6.666666666666667,
    50.0
  ],
  "dkg_single_21": [
    6.666666666666667,
    8.333333333333334,
    45.0,
    40.0
  ],
  "dkg_single_22": [
    75.0,
    20.0,
    1.6666666666666667,
    3.3333333333333335
  ],
  "dkg_single_23": [
    90.0,
    5.0,
    5.0
  ],
  "dkg_single_24": [
    10.0,
    15.0,
    23.333333333333332,
    51.666666666666664
  ],
  "dkg_single_25": [
    66.66666666666667,
    43.333333333333336,
    3.3333333333333335,
    3.3333333333333335
  ],
  "dkg_single_26": [
    76.66666666666667,
    11.666666666666666,
    11.666666666666666
  ],
  "dkg_single_27": [
    5.0,
    16.666666666666668,
    78.33333333333333
  ],
  "dkg_single_28": [
    8.333333333333334,
    10.0,
    43.333333333333336,
    38.333333333333336
  ],
  "dkg_single_29": [
    41.666666666666664,
    8.333333333333334,
    8.333333333333334,
    70.0
  ],
  "dkg_single_30": [
    41.666666666666664,
    28.333333333333332,
    15.0,
    15.0
  ],
  "dkg_single_31": [
    43.333333333333336,
    28.333333333333332,
    28.333333333333332
  ],
  "dkg_single_32": [
    10.0,
    33.333333333333336,
    43.333333333333336,
    13.333333333333334
  ]
}