{
  "dkg_reuse_10": [
    90.0,
    5.0,
    5.0,
    0.0
  ],
  "dkg_reuse_8": [
    91.66666666666667,
    5.0,
    3.3333333333333335,
    0.0
  ],
  "dkg_reuse_13": [
    38.333333333333336,
    61.666666666666664,
    0.0
  ],
  "dkg_reuse_27": [
    3.3333333333333335,
    3.3333333333333335,
    93.33333333333333
  ],
  "dkg_reuse_32": [
    8.333333333333334,
    70.0,
    6.666666666666667,
    15.0
  ],
  "dkg_reuse_12": [
    66.66666666666667,
    26.666666666666668,
    5.0,
    1.6666666666666667
  ],
  "dkg_reuse_2": [
    11.666666666666666,
    25.0,
    60.0,
    3.3333333333333335
  ],
  "dkg_reuse_1": [
    16.666666666666668,
    10.0,
    46.666666666666664,
    16.666666666666668
  ],
  "dkg_reuse_14": [
    6.666666666666667,
    13.333333333333334,
    8.333333333333334,
    71.66666666666667
  ],
  "dkg_reuse_7": [
    63.0,
    4.0,
    29.666666666666668,
    3.3333333333333335
  ],
  "dkg_reuse_3": [
    36.666666666666664,
    31.666666666666668,
    26.666666666666668,
    5.0
  ],
  "dkg_reuse_29": [
    3.3333333333333335,
    3.3333333333333335,
    3.3333333333333335,
    90.0
  ],
  "dkg_reuse_31": [
    66.66666666666667,
    16.666666666666668,
    16.666666666666668
  ],
  "dkg_reuse_18": [
    50.0,
    50.0,
    3.3333333333333335
  ],
  "dkg_reuse_22": [
    60.0,
    36.666666666666664,
    1.6666666666666667,
    1.6666666666666667
  ],
  "dkg_reuse_24": [
    5.0,
    71.66666666666667,
    5.0,
    18.333333333333332
  ]
}