{
  "dkg_inverse_1": [
    13.333333333333334,
    5.0,
    46.666666666666664,
    35.0
  ],
  "dkg_inverse_2": [
    33.333333333333336,
    16.666666666666668,
    43.333333333333336,
    16.666666666666668
  ],
  "dkg_inverse_3": [
    26.666666666666668,
    10.0,
    28.333333333333332,
    51.666666666666664
  ],
  "dkg_inverse_4": [
    6.666666666666667,
    53.333333333333336,
    33.333333333333336,
    6.666666666666667
  ],
  "dkg_inverse_7": [
    66.66666666666667,
    10.0,
    30.0,
    20.0
  ],
  "dkg_inverse_8": [
    6.666666666666667,
    76.66666666666667,
    40.0,
    3.3333333333333335
  ],
  "dkg_inverse_10": [
    60.0,
    20.0,
    20.0,
    0.0
  ],
  "dkg_inverse_12": [
    30.0,
    20.0,
    53.333333333333336,
    20.0
  ],
  "dkg_inverse_16": [
    73.33333333333333,
    3.3333333333333335,
    3.3333333333333335,
    40.0
  ],
  "dkg_inverse_17": [
    31.666666666666668,
    16.666666666666668,
    16.666666666666668,
    35.0
  ],
  "dkg_inverse_19": [
    23.333333333333332,
    3.3333333333333335,
    86.66666666666667
  ],
  "dkg_inverse_21": [
    66.66666666666667,
    0.0,
    36.666666666666664,
    0.0
  ],
  "dkg_inverse_22": [
    53.333333333333336,
    23.333333333333332,
    8.333333333333334,
    25.0
  ],
  "dkg_inverse_23": [
    28.333333333333332,
    8.333333333333334,
    63.333333333333336
  ],
  "dkg_inverse_25": [
    56.666666666666664,
    46.666666666666664,
    6.666666666666667,
    5.0
  ],
  "dkg_inverse_26": [
    41.0,
    31.0,
    28.0
  ]
}