{
  "dkg_double_20": [
    26.666666666666668,
    8.333333333333334,
    65.0
  ],
  "dkg_double_9": [
    11.666666666666666,
    45.0,
    43.333333333333336
  ],
  "dkg_double_21": [
    10.0,
    33.333333333333336,
    33.333333333333336,
    23.333333333333332
  ],
  "dkg_double_12": [
    26.666666666666668,
    36.666666666666664,
    31.666666666666668,
    5.0
  ],
  "dkg_double_14": [
    6.666666666666667,
    31.666666666666668,
    25.0,
    36.666666666666664
  ],
  "dkg_double_2": [
    3.6666666666666665,
    2.0,
    60.333333333333336,
    1.6666666666666667
  ],
  "dkg_double_6": [
    8.333333333333334,
    0.0,
    23.333333333333332,
    68.33333333333333
  ],
  "dkg_double_18": [
    33.333333333333336,
    41.666666666666664,
    25.0
  ],
  "dkg_double_15": [
    5.0,
    80.0,
    8.333333333333334,
    6.666666666666667
  ],
  "dkg_double_26": [
    93.33333333333333,
    3.3333333333333335,
    3.3333333333333335
  ],
  "dkg_double_3": [
    26.666666666666668,
    31.666666666666668,
    41.666666666666664,
    0.0
  ],
  "dkg_double_5": [
    91.66666666666667,
    6.666666666666667,
    1.6666666666666667,
    0.0
  ],
  "dkg_double_4": [
    56.666666666666664,
    6.666666666666667,
    33.333333333333336,
    3.3333333333333335
  ],
  "dkg_double_1": [
    23.333333333333332,
    30.0,
    30.0,
    16.666666666666668
  ],
  "dkg_double_13": [
    30.0,
    60.0,
    10.0
  ],
  "dkg_double_11": [
    63.333333333333336,
    10.0,
    26.666666666666668
  ]
}