{
  "dkg_single_1": [
    33.333333333333336,
    26.666666666666668,
    20.0,
    20.0
  ],
  "dkg_single_2": [
    13.333333333333334,
    6.666666666666667,
    48.333333333333336,
    31.666666666666668
  ],
  "dkg_single_3": [
    40.0,
    28.333333333333332,
    18.333333333333332,
    13.333333333333334
  ],
  "dkg_single_4": [
    63.333333333333336,
    25.0,
    14.0,
    6.0
  ],
  "dkg_single_5": [
    56.666666666666664,
    26.666666666666668,
    5.666666666666667,
    11.0
  ],
  "dkg_single_6": [
    48.333333333333336,
    5.0,
    31.666666666666668,
    15.0
  ],
  "dkg_single_7": [
    8.333333333333334,
    28.333333333333332,
    26.666666666666668,
    36.666666666666664
  ],
  "dkg_single_8": [
    18.333333333333332,
    45.0,
    30.0,
    6.666666666666667
  ],
  "dkg_single_9": [
    18.333333333333332,
    39.0,
    42.666666666666664
  ],
  "dkg_single_10": [
    5.0,
    61.666666666666664,
    25.0,
    8.333333333333334
  ],
  "dkg_single_11": [
    51.666666666666664,
    10.0,
    38.333333333333336
  ],
  "dkg_single_12": [
    50.0,
    21.666666666666668,
    10.0,
    18.333333333333332
  ],
  "dkg_single_13": [
    38.333333333333336,
    53.333333333333336,
    8.333333333333334
  ],
  "dkg_single_14": [
    6.666666666666667,
    38.333333333333336,
    5.0,
    50.0
  ],
  "dkg_single_15": [
    19.333333333333332,
    63.333333333333336,
    5.666666666666667,
    11.666666666666666
  ],
  "dkg_single_16": [
    65.0,
    8.333333333333334,
    6.666666666666667,
    20.0
  ],
  "dkg_single_17": [
    25.0,
    4.333333333333333,
    4.0,
    66.66666666666667
  ],
  "dkg_single_18": [
    6.666666666666667,
    55.0,
    38.333333333333336
  ],
  "dkg_single_19": [
    13.333333333333334,
    70.0,
    16.666666666666668
  ],
  "dkg_single_20": [
    40.0,
    16.666666666666668,
    43.333333333333336
  ],
  "dkg_single_21": [
    11.666666666666666,
    43.333333333333336,
    23.333333333333332,
    21.666666666666668
  ],
  "dkg_single_22": [
    76.66666666666667,
    17.666666666666668,
    3.0,
    2.6666666666666665
  ],
  "dkg_single_23": [
    63.333333333333336,
    6.666666666666667,
    30.0
  ],
  "dkg_single_24": [
    18.333333333333332,
    10.0,
    40.0,
    31.666666666666668
  ],
  "dkg_single_25": [
    43.333333333333336,
    18.333333333333332,
    16.666666666666668,
    21.666666666666668
  ],
  "dkg_single_26": [
    46.666666666666664,
    43.333333333333336,
    10.0
  ],
  "dkg_single_27": [
    6.666666666666667,
    41.666666666666664,
    51.666666666666664
  ],
  "dkg_single_28": [
    20.0,
    5.0,
    30.0,
    45.0
  ],
  "dkg_single_29": [
    43.333333333333336,
    28.333333333333332,
    6.666666666666667,
    21.666666666666668
  ],
  "dkg_single_30": [
    58.333333333333336,
    33.333333333333336,
    4.333333333333333,
    4.0
  ],
  "dkg_single_31": [
    15.0,
    28.333333333333332,
    56.666666666666664
  ],
  "dkg_single_32": [
    28.333333333333332,
    30.0,
    15.0,
    26.666666666666668
  ]
}