{
  "dkg_inverse_1": [
    22.666666666666668,
    7.333333333333333,
    26.666666666666668,
    43.333333333333336
  ],
  "dkg_inverse_2": [
    26.666666666666668,
    21.666666666666668,
    30.0,
    21.666666666666668
  ],
  "dkg_inverse_3": [
    17.333333333333332,
    19.333333333333332,
    18.333333333333332,
    45.0
  ],
  "dkg_inverse_4": [
    8.333333333333334,
    11.666666666666666,
    66.66666666666667,
    13.333333333333334
  ],
  "dkg_inverse_7": [
    33.333333333333336,
    31.666666666666668,
    15.0,
    20.0
  ],
  "dkg_inverse_8": [
    9.333333333333334,
    55.0,
    29.0,
    6.666666666666667
  ],
  "dkg_inverse_10": [
    20.0,
    31.666666666666668,
    6.666666666666667,
    41.666666666666664
  ],
  "dkg_inverse_12": [
    12.333333333333334,
    16.0,
    38.333333333333336,
    33.333333333333336
  ],
  "dkg_inverse_16": [
    6.666666666666667,
    51.666666666666664,
    31.666666666666668,
    10.0
  ],
  "dkg_inverse_17": [
    5.0,
    31.666666666666668,
    55.0,
    8.333333333333334
  ],
  "dkg_inverse_19": [
    45.0,
    10.0,
    45.0
  ],
  "dkg_inverse_21": [
    73.33333333333333,
    8.333333333333334,
    13.333333333333334,
    5.0
  ],
  "dkg_inverse_22": [
    8.333333333333334,
    16.666666666666668,
    46.666666666666664,
    28.333333333333332
  ],
  "dkg_inverse_23": [
    56.666666666666664,
    31.666666666666668,
    11.666666666666666
  ],
  "dkg_inverse_25": [
    5.0,
    6.666666666666667,
    26.666666666666668,
    61.666666666666664
  ],
  "dkg_inverse_26": [
    25.0,
    33.333333333333336,
    41.666666666666664
  ]
}