{
  "dkg_inverse_1": [
    5.0,
    5.0,
    26.666666666666668,
    63.333333333333336
  ],
  "dkg_inverse_2": [
    18.333333333333332,
    5.0,
    41.666666666666664,
    35.0
  ],
  "dkg_inverse_3": [
    10.0,
    18.333333333333332,
    46.666666666666664,
    25.0
  ],
  "dkg_inverse_4": [
    35.0,
    1.6666666666666667,
    13.333333333333334,
    50.0
  ],
  "dkg_inverse_7": [
    50.0,
    33.333333333333336,
    10.0,
    6.666666666666667
  ],
  "dkg_inverse_8": [
    70.0,
    18.333333333333332,
    6.0,
    5.666666666666667
  ],
  "dkg_inverse_10": [
    13.333333333333334,
    43.333333333333336,
    13.333333333333334,
    30.0
  ],
  "dkg_inverse_12": [
    40.0,
    21.666666666666668,
    31.666666666666668,
    10.0
  ],
  "dkg_inverse_16": [
    63.333333333333336,
    21.666666666666668,
    15.0,
    0.0
  ],
  "dkg_inverse_17": [
    11.666666666666666,
    18.333333333333332,
    20.0,
    50.0
  ],
  "dkg_inverse_19": [
    56.666666666666664,
    21.666666666666668,
    21.666666666666668
  ],
  "dkg_inverse_21": [
    16.666666666666668,
    21.666666666666668,
    40.0,
    45.0
  ],
  "dkg_inverse_22": [
    90.0,
    8.333333333333334,
    1.6666666666666667,
    0.0
  ],
  "dkg_inverse_23": [
    40.0,
    33.333333333333336,
    26.666666666666668
  ],
  "dkg_inverse_25": [
    31.666666666666668,
    31.666666666666668,
    30.0,
    6.666666666666667
  ],
  "dkg_inverse_26": [
    46.666666666666664,
    25.0,
    41.666666666666664
  ]
}