{
  "dkg_inverse_2": [
    40.0,
    10.0,
    46.666666666666664,
    3.3333333333333335
  ],
  "dkg_inverse_4": [
    6.666666666666667,
    5.0,
    30.0,
    58.333333333333336
  ],
  "dkg_inverse_8": [
    60.0,
    11.666666666666666,
    23.333333333333332,
    5.0
  ],
  "dkg_inverse_12": [
    21.666666666666668,
    28.333333333333332,
    46.666666666666664,
    3.3333333333333335
  ],
  "dkg_inverse_23": [
    1.6666666666666667,
    35.0,
    30.0
  ],
  "dkg_inverse_19": [
    25.0,
    25.0,
    50.0
  ],
  "dkg_inverse_22": [
    61.666666666666664,
    11.666666666666666,
    26.666666666666668,
    0.0
  ],
  "dkg_inverse_17": [
    18.333333333333332,
    5.0,
    5.0,
    71.66666666666667
  ],
  "dkg_inverse_26": [
    44.333333333333336,
    24.333333333333332,
    31.333333333333332
  ],
  "dkg_inverse_3": [
    18.333333333333332,
    18.333333333333332,
    26.666666666666668,
    36.666666666666664
  ],
  "dkg_inverse_7": [
    50.0,
    43.333333333333336,
    6.666666666666667,
    0.0
  ],
  "dkg_inverse_1": [
    20.0,
    20.0,
    36.666666666666664,
    23.333333333333332
  ],
  "dkg_inverse_10": [
    61.666666666666664,
    26.666666666666668,
    6.666666666666667,
    5.0
  ],
  "dkg_inverse_25": [
    38.333333333333336,
    50.0,
    8.333333333333334,
    3.3333333333333335
  ],
  "dkg_inverse_21": [
    40.0,
    6.666666666666667,
    50.0,
    3.3333333333333335
  ],
  "dkg_inverse_16": [
    98.33333333333333,
    1.6666666666666667,
    0.0,
    0.0
  ]
}