{
  "dkg_double_1": [
    6.666666666666667,
    6.666666666666667,
    30.0,
    56.666666666666664
  ],
  "dkg_double_2": [
    3.3333333333333335,
    3.3333333333333335,
    76.66666666666667,
    16.666666666666668
  ],
  "dkg_double_3": [
    5.0,
    5.0,
    48.333333333333336,
    41.666666666666664
  ],
  "dkg_double_4": [
    3.3333333333333335,
    5.0,
    5.0,
    93.33333333333333
  ],
  "dkg_double_5": [
    100.0,
    0.0,
    0.0,
    0.0
  ],
  "dkg_double_6": [
    38.333333333333336,
    3.3333333333333335,
    3.3333333333333335,
    55.0
  ],
  "dkg_double_9": [
    33.333333333333336,
    33.333333333333336,
    33.333333333333336
  ],
  "dkg_double_11": [
    88.33333333333333,
    5.0,
    6.666666666666667
  ],
  "dkg_double_12": [
    53.333333333333336,
    36.666666666666664,
    5.0,
    5.0
  ],
  "dkg_double_13": [
    36.666666666666664,
    60.0,
    3.3333333333333335
  ],
  "dkg_double_14": [
    10.0,
    73.33333333333333,
    6.666666666666667,
    10.0
  ],
  "dkg_double_15": [
    6.666666666666667,
    78.33333333333333,
    6.666666666666667,
    8.333333333333334
  ],
  "dkg_double_18": [
    100.0,
    0.0,
    0.0
  ],
  "dkg_double_20": [
    31.0,
    34.333333333333336,
    34.666666666666664
  ],
  "dkg_double_21": [
    6.666666666666667,
    31.666666666666668,
    21.666666666666668,
    40.0
  ],
  "dkg_double_26": [
    36.666666666666664,
    31.666666666666668,
    31.666666666666668
  ]
}