{
  "dkg_reuse_1": [
    35.0,
    40.0,
    16.666666666666668,
    8.333333333333334
  ],
  "dkg_reuse_2": [
    8.0,
    4.333333333333333,
    60.0,
    27.666666666666668
  ],
  "dkg_reuse_3": [
    33.333333333333336,
    41.666666666666664,
    16.666666666666668,
    8.333333333333334
  ],
  "dkg_reuse_7": [
    20.0,
    41.666666666666664,
    26.666666666666668,
    11.666666666666666
  ],
  "dkg_reuse_8": [
    45.0,
    11.666666666666666,
    28.333333333333332,
    15.0
  ],
  "dkg_reuse_10": [
    6.666666666666667,
    41.666666666666664,
    21.666666666666668,
    30.0
  ],
  "dkg_reuse_12": [
    53.333333333333336,
    23.333333333333332,
    10.0,
    13.333333333333334
  ],
  "dkg_reuse_13": [
    35.0,
    56.666666666666664,
    8.333333333333334
  ],
  "dkg_reuse_14": [
    10.0,
    38.333333333333336,
    11.666666666666666,
    40.0
  ],
  "dkg_reuse_18": [
    6.666666666666667,
    66.66666666666667,
    26.666666666666668
  ],
  "dkg_reuse_22": [
    36.666666666666664,
    50.0,
    6.666666666666667,
    6.666666666666667
  ],
  "dkg_reuse_24": [
    28.333333333333332,
    28.333333333333332,
    21.666666666666668,
    21.666666666666668
  ],
  "dkg_reuse_27": [
    10.0,
    65.0,
    25.0
  ],
  "dkg_reuse_29": [
    30.0,
    25.0,
    6.666666666666667,
    38.333333333333336
  ],
  "dkg_reuse_31": [
    15.0,
    31.666666666666668,
    53.333333333333336
  ],
  "dkg_reuse_32": [
    28.333333333333332,
    56.666666666666664,
    8.333333333333334,
    6.666666666666667
  ]
}