{
  "foodtruck_12": [
    6.0,
    2.3333333333333335,
    2.3333333333333335,
    3.3333333333333335,
    2.6666666666666665,
    3.0
  ],
  "foodtruck_78": [
    5.0,
    3.6666666666666665,
    3.6666666666666665,
    4.0,
    4.0,
    4.0
  ],
  "foodtruck_25": [
    6.666666666666667,
    2.6666666666666665,
    2.0,
    2.3333333333333335,
    4.333333333333333,
    2.6666666666666665
  ],
  "foodtruck_58": [
    5.0,
    3.0,
    3.0,
    3.6666666666666665,
    3.6666666666666665,
    3.0
  ],
  "foodtruck_42": [
    5.0,
    3.0,
    3.3333333333333335,
    3.3333333333333335,
    4.333333333333333,
    4.666666666666667
  ],
  "foodtruck_65": [
    4.666666666666667,
    3.6666666666666665,
    3.6666666666666665,
    3.3333333333333335,
    3.0,
    4.666666666666667
  ],
  "foodtruck_39": [
    5.333333333333333,
    3.3333333333333335,
    3.3333333333333335,
    3.6666666666666665,
    3.6666666666666665,
    3.6666666666666665
  ],
  "foodtruck_57": [
    5.333333333333333,
    4.0,
    4.0,
    5.333333333333333,
    1.3333333333333333,
    3.0
  ],
  "foodtruck_52": [
    4.0,
    4.0,
    4.0,
    4.0,
    4.0,
    4.0
  ],
  "foodtruck_33": [
    5.333333333333333,
    3.6666666666666665,
    3.6666666666666665,
    3.0,
    3.0,
    2.6666666666666665
  ],
  "foodtruck_41": [
    3.6666666666666665,
    4.0,
    4.0,
    4.0,
    4.0,
    3.3333333333333335
  ],
  "foodtruck_49": [
    3.6666666666666665,
    4.0,
    4.0,
    4.0,
    4.0,
    3.3333333333333335
  ],
  "foodtruck_29": [
    5.666666666666667,
    4.0,
    4.0,
    4.0,
    4.0,
    4.0
  ],
  "foodtruck_18": [
    3.0,
    4.0,
    4.0,
    3.6666666666666665,
    3.6666666666666665,
    4.0
  ],
  "foodtruck_7": [
    5.666666666666667,
    3.0,
    3.3333333333333335,
    2.6666666666666665,
    3.0,
    4.666666666666667
  ],
  "foodtruck_76": [
    6.333333333333333,
    4.0,
    4.0,
    4.0,
    4.0,
    4.333333333333333
  ],
  "foodtruck_32": [
    5.333333333333333,
    3.6666666666666665,
    3.6666666666666665,
    4.0,
    4.0,
    3.6666666666666665
  ],
  "foodtruck_11": [
    2.3333333333333335,
    2.6666666666666665,
    6.0,
    3.0,
    2.6666666666666665,
    3.6666666666666665
  ],
  "foodtruck_74": [
    4.666666666666667,
    3.3333333333333335,
    3.3333333333333335,
    3.6666666666666665,
    3.6666666666666665,
    3.6666666666666665
  ],
  "foodtruck_47": [
    5.0,
    4.0,
    4.0,
    4.666666666666667,
    2.6666666666666665,
    2.6666666666666665
  ],
  "foodtruck_23": [
    6.333333333333333,
    1.6666666666666667,
    3.3333333333333335
  ],
  "foodtruck_71": [
    5.333333333333333,
    3.0,
    3.0,
    3.0,
    3.0,
    4.333333333333333
  ],
  "foodtruck_60": [
    4.0,
    4.0,
    4.0,
    3.6666666666666665,
    3.6666666666666665,
    3.6666666666666665
  ],
  "foodtruck_35": [
    4.0,
    4.0,
    4.0,
    4.0,
    4.0,
    4.0
  ],
  "foodtruck_44": [
    6.333333333333333,
    3.3333333333333335,
    3.3333333333333335,
    4.0,
    3.0,
    3.6666666666666665
  ],
  "foodtruck_56": [
    6.666666666666667,
    4.0,
    2.6666666666666665,
    3.3333333333333335,
    4.333333333333333,
    3.6666666666666665
  ],
  "foodtruck_24": [
    3.3333333333333335,
    2.6666666666666665,
    6.333333333333333,
    2.3333333333333335,
    3.3333333333333335,
    4.333333333333333
  ],
  "foodtruck_20": [
    3.0,
    2.0,
    6.666666666666667,
    2.6666666666666665,
    5.0,
    2.0
  ],
  "foodtruck_53": [
    4.0,
    4.333333333333333,
    4.333333333333333,
    4.333333333333333,
    4.333333333333333,
    3.3333333333333335
  ],
  "foodtruck_6": [
    4.0,
    3.6666666666666665,
    5.333333333333333,
    3.3333333333333335,
    4.0,
    2.6666666666666665
  ],
  "foodtruck_17": [
    5.0,
    4.0,
    4.0,
    3.6666666666666665,
    3.6666666666666665,
    3.6666666666666665
  ],
  "foodtruck_4": [
    4.666666666666667,
    4.333333333333333,
    4.333333333333333,
    3.3333333333333335,
    4.0,
    3.0
  ],
  "foodtruck_1": [
    5.0,
    4.0,
    3.3333333333333335,
    3.0,
    2.6666666666666665,
    3.3333333333333335
  ],
  "foodtruck_3": [
    5.666666666666667,
    2.6666666666666665,
    2.6666666666666665,
    3.6666666666666665,
    3.6666666666666665,
    3.6666666666666665
  ],
  "foodtruck_34": [
    3.3333333333333335,
    4.666666666666667,
    4.333333333333333,
    4.0,
    4.0,
    3.6666666666666665
  ],
  "foodtruck_77": [
    5.666666666666667,
    3.6666666666666665,
    3.6666666666666665,
    3.6666666666666665,
    3.6666666666666665,
    3.6666666666666665
  ],
  "foodtruck_46": [
    6.666666666666667,
    2.0,
    2.0,
    2.3333333333333335,
    4.333333333333333,
    1.3333333333333333
  ],
  "foodtruck_59": [
    6.666666666666667,
    4.0,
    4.0,
    4.0,
    4.0,
    4.0
  ],
  "foodtruck_40": [
    6.0,
    3.0,
    2.6666666666666665,
    3.3333333333333335,
    3.0,
    3.3333333333333335
  ],
  "foodtruck_22": [
    1.6666666666666667,
    1.3333333333333333,
    7.0,
    3.3333333333333335,
    3.3333333333333335,
    3.3333333333333335
  ],
  "foodtruck_43": [
    4.666666666666667,
    3.3333333333333335,
    4.666666666666667,
    4.666666666666667,
    3.0,
    2.6666666666666665
  ],
  "foodtruck_54": [
    4.666666666666667,
    3.3333333333333335,
    3.6666666666666665,
    4.0,
    3.3333333333333335,
    2.6666666666666665
  ],
  "foodtruck_51": [
    4.666666666666667,
    3.0,
    3.0,
    3.6666666666666665,
    3.6666666666666665,
    4.0
  ],
  "foodtruck_73": [
    6.0,
    3.3333333333333335,
    3.3333333333333335,
    3.3333333333333335,
    3.3333333333333335,
    4.333333333333333
  ],
  "foodtruck_28": [
    3.3333333333333335,
    1.0,
    6.666666666666667,
    4.333333333333333,
    3.0,
    3.0
  ],
  "foodtruck_8": [
    2.0,
    3.0,
    6.666666666666667,
    4.0,
    4.0,
    3.3333333333333335
  ],
  "foodtruck_64": [
    4.0,
    3.0,
    5.666666666666667,
    4.0,
    3.6666666666666665,
    3.6666666666666665
  ],
  "foodtruck_5": [
    4.0,
    4.0,
    4.0,
    4.0,
    4.0,
    4.0
  ],
  "foodtruck_38": [
    4.0,
    3.6666666666666665,
    3.6666666666666665,
    4.0,
    4.0,
    3.6666666666666665
  ],
  "foodtruck_15": [
    5.0,
    1.6666666666666667,
    3.3333333333333335
  ],
  "foodtruck_75": [
    4.666666666666667,
    4.0,
    3.6666666666666665,
    4.0,
    4.0,
    4.0
  ],
  "foodtruck_61": [
    6.0,
    2.6666666666666665,
    2.0,
    3.3333333333333335,
    3.6666666666666665,
    3.0
  ],
  "foodtruck_67": [
    4.333333333333333,
    4.333333333333333,
    4.333333333333333,
    4.0,
    4.0,
    4.0
  ],
  "foodtruck_48": [
    5.0,
    3.6666666666666665,
    5.666666666666667,
    5.0,
    3.0,
    2.6666666666666665
  ],
  "foodtruck_50": [
    4.333333333333333,
    3.0,
    2.6666666666666665,
    3.3333333333333335,
    3.3333333333333335,
    3.3333333333333335
  ],
  "foodtruck_70": [
    4.0,
    4.0,
    4.0,
    3.6666666666666665,
    3.6666666666666665,
    3.6666666666666665
  ],
  "foodtruck_69": [
    4.666666666666667,
    3.3333333333333335,
    3.3333333333333335,
    3.6666666666666665,
    3.6666666666666665,
    3.6666666666666665
  ],
  "foodtruck_62": [
    2.0,
    2.3333333333333335,
    6.666666666666667,
    2.0,
    6.666666666666667,
    2.6666666666666665
  ],
  "foodtruck_37": [
    4.0,
    4.0,
    4.0,
    3.3333333333333335,
    3.3333333333333335,
    4.333333333333333
  ],
  "foodtruck_26": [
    4.0,
    4.0,
    4.0,
    4.0,
    4.0,
    4.0
  ],
  "foodtruck_55": [
    4.0,
    1.0,
    6.0,
    2.3333333333333335,
    4.0,
    2.3333333333333335
  ],
  "foodtruck_66": [
    4.333333333333333,
    4.333333333333333,
    4.0,
    4.0,
    4.333333333333333,
    4.333333333333333
  ],
  "foodtruck_72": [
    6.666666666666667,
    1.6666666666666667,
    1.3333333333333333,
    3.6666666666666665,
    3.6666666666666665,
    4.0
  ],