{
  "foodtruck_1": [
    4.666666666666667,
    2.3333333333333335,
    5.666666666666667,
    3.0,
    4.0,
    2.3333333333333335
  ],
  "foodtruck_2": [
    3.0,
    3.6666666666666665,
    6.333333333333333,
    4.0,
    2.6666666666666665,
    3.3333333333333335
  ],
  "foodtruck_3": [
    5.333333333333333,
    3.0,
    4.666666666666667,
    3.0,
    3.6666666666666665,
    4.0
  ],
  "foodtruck_4": [
    4.333333333333333,
    3.6666666666666665,
    3.6666666666666665,
    3.3333333333333335,
    4.0,
    3.0
  ],
  "foodtruck_5": [
    4.666666666666667,
    3.6666666666666665,
    3.6666666666666665,
    3.0,
    4.0,
    3.0
  ],
  "foodtruck_6": [
    2.6666666666666665,
    1.0,
    6.0,
    1.0,
    4.0,
    2.6666666666666665
  ],
  "foodtruck_7": [
    5.0,
    3.6666666666666665,
    4.333333333333333,
    3.0,
    3.6666666666666665,
    3.6666666666666665
  ],
  "foodtruck_8": [
    3.6666666666666665,
    3.0,
    7.0,
    4.333333333333333,
    3.3333333333333335,
    1.0
  ],
  "foodtruck_9": [
    6.333333333333333,
    2.3333333333333335,
    3.6666666666666665,
    3.3333333333333335,
    3.3333333333333335,
    3.3333333333333335
  ],
  "foodtruck_10": [
    5.0,
    3.3333333333333335,
    4.666666666666667,
    3.0,
    3.6666666666666665,
    4.0
  ],
  "foodtruck_11": [
    5.333333333333333,
    3.0,
    5.666666666666667,
    2.0,
    5.0,
    2.6666666666666665
  ],
  "foodtruck_12": [
    7.0,
    4.0,
    2.3333333333333335,
    3.0,
    2.0,
    5.0
  ],
  "foodtruck_13": [
    5.333333333333333,
    2.3333333333333335,
    6.0,
    2.6666666666666665,
    4.333333333333333,
    3.3333333333333335
  ],
  "foodtruck_14": [
    6.666666666666667,
    3.3333333333333335,
    2.6666666666666665,
    3.6666666666666665,
    3.6666666666666665,
    3.6666666666666665
  ],
  "foodtruck_15": [
    6.333333333333333,
    3.6666666666666665,
    2.6666666666666665,
    4.666666666666667,
    2.0,
    4.0
  ],
  "foodtruck_16": [
    7.0,
    2.3333333333333335,
    2.3333333333333335,
    3.3333333333333335,
    3.3333333333333335,
    3.6666666666666665
  ],
  "foodtruck_17": [
    7.0,
    3.0,
    3.0,
    4.0,
    4.0,
    3.3333333333333335
  ],
  "foodtruck_18": [
    3.6666666666666665,
    5.0,
    4.0,
    4.0,
    4.0,
    4.0
  ],
  "foodtruck_19": [
    7.0,
    3.0,
    2.6666666666666665,
    3.0,
    4.0,
    3.6666666666666665
  ],
  "foodtruck_20": [
    3.3333333333333335,
    3.0,
    5.666666666666667,
    4.0,
    4.0,
    3.0
  ],
  "foodtruck_21": [
    6.0,
    3.3333333333333335,
    3.6666666666666665,
    4.0,
    4.0,
    3.6666666666666665
  ],
  "foodtruck_22": [
    2.3333333333333335,
    2.0,
    7.0,
    2.3333333333333335,
    4.0,
    4.0
  ],
  "foodtruck_23": [
    7.0,
    3.0,
    4.0,
    3.3333333333333335,
    2.6666666666666665,
    3.0
  ],
  "foodtruck_24": [
    3.3333333333333335,
    4.0,
    6.0,
    3.6666666666666665,
    4.0,
    2.0
  ],
  "foodtruck_25": [
    6.666666666666667,
    1.6666666666666667,
    3.0,
    2.6666666666666665,
    2.6666666666666665,
    4.333333333333333
  ],
  "foodtruck_26": [
    3.3333333333333335,
    2.0,
    7.0,
    2.3333333333333335,
    5.0,
    1.6666666666666667
  ],
  "foodtruck_27": [
    5.666666666666667,
    3.3333333333333335,
    3.3333333333333335,
    4.333333333333333,
    3.3333333333333335,
    3.3333333333333335
  ],
  "foodtruck_28": [
    2.6666666666666665,
    2.0,
    7.0,
    1.6666666666666667,
    4.666666666666667,
    2.6666666666666665
  ],
  "foodtruck_29": [
    7.0,
    3.6666666666666665,
    3.6666666666666665,
    4.0,
    4.0,
    2.6666666666666665
  ],
  "foodtruck_30": [
    5.0,
    3.0,
    5.0,
    3.3333333333333335,
    2.3333333333333335,
    2.6666666666666665
  ],
  "foodtruck_31": [
    7.0,
    2.3333333333333335,
    2.3333333333333335,
    4.0,
    4.0,
    3.0
  ],
  "foodtruck_32": [
    6.0,
    3.6666666666666665,
    3.6666666666666665,
    4.333333333333333,
    4.333333333333333,
    3.3333333333333335
  ],
  "foodtruck_33": [
    6.0,
    2.3333333333333335,
    2.3333333333333335,
    3.3333333333333335,
    3.3333333333333335,
    3.3333333333333335
  ],
  "foodtruck_34": [
    3.6666666666666665,
    3.6666666666666665,
    5.0,
    3.6666666666666665,
    2.6666666666666665,
    3.3333333333333335
  ],
  "foodtruck_35": [
    4.333333333333333,
    3.3333333333333335,
    4.0,
    3.3333333333333335,
    4.0,
    4.666666666666667
  ],
  "foodtruck_36": [
    5.333333333333333,
    3.3333333333333335,
    3.3333333333333335,
    2.3333333333333335,
    2.3333333333333335,
    5.333333333333333
  ],
  "foodtruck_37": [
    6.666666666666667,
    3.3333333333333335,
    3.3333333333333335,
    4.0,
    4.0,
    3.3333333333333335
  ],
  "foodtruck_38": [
    5.333333333333333,
    3.6666666666666665,
    3.3333333333333335,
    3.6666666666666665,
    3.6666666666666665,
    2.6666666666666665
  ],
  "foodtruck_39": [
    6.333333333333333,
    1.6666666666666667,
    1.6666666666666667,
    3.6666666666666665,
    3.6666666666666665,
    3.6666666666666665
  ],
  "foodtruck_40": [
    6.666666666666667,
    1.6666666666666667,
    1.6666666666666667,
    3.6666666666666665,
    3.6666666666666665,
    3.3333333333333335
  ],
  "foodtruck_41": [
    4.666666666666667,
    3.6666666666666665,
    4.0,
    3.6666666666666665,
    4.0,
    3.6666666666666665
  ],
  "foodtruck_42": [
    6.333333333333333,
    2.6666666666666665,
    3.3333333333333335,
    2.3333333333333335,
    2.3333333333333335,
    5.0
  ],
  "foodtruck_43": [
    3.3333333333333335,
    3.0,
    6.666666666666667,
    3.6666666666666665,
    4.0,
    2.6666666666666665
  ],
  "foodtruck_44": [
    6.333333333333333,
    3.3333333333333335,
    3.6666666666666665,
    2.6666666666666665,
    4.0,
    4.333333333333333
  ],
  "foodtruck_45": [
    4.666666666666667,
    3.0,
    6.0,
    3.0,
    3.0,
    3.0
  ],
  "foodtruck_46": [
    6.666666666666667,
    1.6666666666666667,
    2.3333333333333335,
    2.6666666666666665,
    1.3333333333333333,
    5.0
  ],
  "foodtruck_47": [
    5.333333333333333,
    3.3333333333333335,
    4.666666666666667,
    3.3333333333333335,
    4.0,
    3.6666666666666665
  ],
  "foodtruck_48": [
    3.6666666666666665,
    2.6666666666666665,
    5.0,
    4.333333333333333,
    1.6666666666666667,
    3.3333333333333335
  ],
  "foodtruck_49": [
    6.333333333333333,
    4.0,
    4.0,
    3.3333333333333335,
    3.3333333333333335,
    4.333333333333333
  ],
  "foodtruck_50": [
    7.0,
    3.0,
    3.0,
    3.6666666666666665,
    3.6666666666666665,
    3.0
  ],
  "foodtruck_51": [
    6.333333333333333,
    2.3333333333333335,
    2.3333333333333335,
    4.0,
    4.0,
    3.3333333333333335
  ],
  "foodtruck_52": [
    4.666666666666667,
    3.3333333333333335,
    3.3333333333333335,
    4.0,
    4.0,
    3.0
  ],
  "foodtruck_53": [
    5.666666666666667,
    3.6666666666666665,
    3.3333333333333335,
    3.6666666666666665,
    3.6666666666666665,
    3.6666666666666665
  ],
  "foodtruck_54": [
    6.666666666666667,
    2.6666666666666665,
    2.6666666666666665,
    3.0,
    3.0,
    3.0
  ],
  "foodtruck_55": [
    5.666666666666667,
    2.3333333333333335,
    3.3333333333333335,
    3.0,
    3.0,
    4.333333333333333
  ],
  "foodtruck_56": [
    7.0,
    2.3333333333333335,
    2.6666666666666665,
    4.0,
    3.0,
    3.0
  ],
  "foodtruck_57": [
    5.333333333333333,
    3.0,
    3.3333333333333335,
    2.3333333333333335,
    1.6666666666666667,
    2.6666666666666665
  ],
  "foodtruck_58": [
    7.0,
    3.0,
    3.0,
    3.6666666666666665,
    3.6666666666666665,
    4.333333333333333
  ],
  "foodtruck_59": [
    6.666666666666667,
    2.0,
    1.6666666666666667,
    3.6666666666666665,
    3.6666666666666665,
    4.333333333333333
  ],