{
  "mdkg_1": [
    20.0,
    26.666666666666668,
    66.66666666666667
  ],
  "mdkg_2": [
    28.333333333333332,
    61.666666666666664,
    10.0
  ],
  "mdkg_3": [
    46.666666666666664,
    56.666666666666664,
    10.0
  ],
  "mdkg_4": [
    8.333333333333334,
    21.666666666666668,
    25.0,
    80.0
  ],
  "mdkg_5": [
    66.66666666666667,
    8.333333333333334,
    28.333333333333332,
    0.0
  ],
  "mdkg_6": [
    53.333333333333336,
    10.0,
    33.333333333333336,
    3.3333333333333335
  ],
  "mdkg_7": [
    60.0,
    23.333333333333332,
    40.0,
    20.0
  ],
  "mdkg_8": [
    76.66666666666667,
    30.0,
    40.0,
    3.3333333333333335
  ],
  "mdkg_9": [
    1.6666666666666667,
    1.6666666666666667,
    96.66666666666667,
    0.0
  ],
  "mdkg_10": [
    6.666666666666667,
    6.666666666666667,
    93.33333333333333,
    3.3333333333333335
  ],
  "mdkg_11": [
    6.666666666666667,
    6.666666666666667,
    40.0,
    53.333333333333336
  ],
  "mdkg_12": [
    10.0,
    16.666666666666668,
    73.33333333333333,
    6.666666666666667
  ],
  "mdkg_13": [
    5.0,
    5.0,
    86.66666666666667,
    13.333333333333334
  ],
  "mdkg_14": [
    13.333333333333334,
    6.666666666666667,
    71.66666666666667,
    8.333333333333334
  ],
  "mdkg_15": [
    26.666666666666668,
    23.333333333333332,
    60.0
  ],
  "mdkg_16": [
    78.33333333333333,
    5.0,
    16.666666666666668
  ],
  "mdkg_17": [
    13.333333333333334,
    36.666666666666664,
    86.66666666666667
  ],
  "mdkg_18": [
    16.666666666666668,
    50.0,
    43.333333333333336
  ],
  "mdkg_19": [
    11.666666666666666,
    36.666666666666664,
    16.666666666666668,
    61.666666666666664
  ],
  "mdkg_20": [
    23.333333333333332,
    16.666666666666668,
    10.0,
    83.33333333333333
  ],
  "mdkg_21": [
    93.33333333333333,
    10.0,
    16.666666666666668
  ],
  "mdkg_22": [
    0.0,
    10.0,
    96.66666666666667
  ],
  "mdkg_23": [
    10.0,
    6.666666666666667,
    100.0
  ],
  "mdkg_24": [
    10.0,
    45.0,
    36.666666666666664,
    15.0
  ],
  "mdkg_25": [
    10.0,
    70.0,
    21.666666666666668,
    8.333333333333334
  ],
  "mdkg_26": [
    6.666666666666667,
    51.666666666666664,
    40.0,
    5.0
  ],
  "mdkg_27": [
    20.0,
    45.0,
    30.0,
    25.0
  ],
  "mdkg_28": [
    25.0,
    30.0,
    46.666666666666664,
    21.666666666666668
  ],
  "mdkg_29": [
    40.0,
    33.333333333333336,
    53.333333333333336
  ],
  "mdkg_30": [
    93.33333333333333,
    30.0,
    30.0
  ],
  "mdkg_31": [
    33.333333333333336,
    50.0,
    16.666666666666668
  ]
}