{
  "mdkg_1": [
    10.0,
    6.666666666666667,
    83.33333333333333
  ],
  "mdkg_2": [
    40.0,
    51.666666666666664,
    8.333333333333334
  ],
  "mdkg_3": [
    58.333333333333336,
    36.666666666666664,
    5.0
  ],
  "mdkg_4": [
    11.666666666666666,
    26.666666666666668,
    31.666666666666668,
    30.0
  ],
  "mdkg_5": [
    68.33333333333333,
    5.0,
    22.333333333333332,
    4.333333333333333
  ],
  "mdkg_6": [
    58.333333333333336,
    10.0,
    24.666666666666668,
    7.0
  ],
  "mdkg_7": [
    36.666666666666664,
    5.0,
    43.333333333333336,
    15.0
  ],
  "mdkg_8": [
    53.333333333333336,
    4.0,
    36.666666666666664,
    6.0
  ],
  "mdkg_9": [
    4.0,
    6.666666666666667,
    85.0,
    4.333333333333333
  ],
  "mdkg_10": [
    38.333333333333336,
    36.666666666666664,
    6.666666666666667,
    18.333333333333332
  ],
  "mdkg_11": [
    58.333333333333336,
    13.333333333333334,
    1.6666666666666667,
    26.666666666666668
  ],
  "mdkg_12": [
    4.0,
    6.0,
    32.333333333333336,
    57.666666666666664
  ],
  "mdkg_13": [
    41.666666666666664,
    48.333333333333336,
    4.333333333333333,
    5.666666666666667
  ],
  "mdkg_14": [
    11.666666666666666,
    53.333333333333336,
    28.333333333333332,
    6.666666666666667
  ],
  "mdkg_15": [
    63.333333333333336,
    13.333333333333334,
    23.333333333333332
  ],
  "mdkg_16": [
    65.0,
    6.666666666666667,
    28.333333333333332
  ],
  "mdkg_17": [
    38.333333333333336,
    13.333333333333334,
    48.333333333333336
  ],
  "mdkg_18": [
    10.0,
    63.333333333333336,
    26.666666666666668
  ],
  "mdkg_19": [
    44.333333333333336,
    16.666666666666668,
    10.666666666666666,
    28.333333333333332
  ],
  "mdkg_20": [
    10.0,
    13.333333333333334,
    43.333333333333336,
    33.333333333333336
  ],
  "mdkg_21": [
    83.33333333333333,
    11.666666666666666,
    5.0
  ],
  "mdkg_22": [
    23.333333333333332,
    60.0,
    16.666666666666668
  ],
  "mdkg_23": [
    5.0,
    13.333333333333334,
    81.66666666666667
  ],
  "mdkg_24": [
    8.333333333333334,
    53.333333333333336,
    20.0,
    18.333333333333332
  ],
  "mdkg_25": [
    6.666666666666667,
    18.333333333333332,
    11.666666666666666,
    63.333333333333336
  ],
  "mdkg_26": [
    6.666666666666667,
    51.666666666666664,
    13.333333333333334,
    28.333333333333332
  ],
  "mdkg_27": [
    4.0,
    11.0,
    48.333333333333336,
    36.666666666666664
  ],
  "mdkg_28": [
    6.666666666666667,
    26.666666666666668,
    10.0,
    56.666666666666664
  ],
  "mdkg_29": [
    36.666666666666664,
    8.333333333333334,
    55.0
  ],
  "mdkg_30": [
    94.33333333333333,
    4.0,
    1.6666666666666667
  ],
  "mdkg_31": [
    6.666666666666667,
    75.0,
    18.333333333333332
  ]
}