{
  "mdkg_1": [
    13.333333333333334,
    6.666666666666667,
    90.0
  ],
  "mdkg_2": [
    0.0,
    0.0,
    100.0
  ],
  "mdkg_3": [
    10.0,
    20.0,
    73.33333333333333
  ],
  "mdkg_4": [
    28.333333333333332,
    11.666666666666666,
    25.0,
    85.0
  ],
  "mdkg_5": [
    56.666666666666664,
    6.666666666666667,
    73.33333333333333,
    61.666666666666664
  ],
  "mdkg_6": [
    38.333333333333336,
    8.333333333333334,
    51.666666666666664,
    68.33333333333333
  ],
  "mdkg_7": [
    20.0,
    10.0,
    41.666666666666664,
    45.0
  ],
  "mdkg_8": [
    33.333333333333336,
    6.666666666666667,
    46.666666666666664,
    51.666666666666664
  ],
  "mdkg_9": [
    25.0,
    5.0,
    16.666666666666668,
    53.333333333333336
  ],
  "mdkg_10": [
    13.333333333333334,
    13.333333333333334,
    28.333333333333332,
    65.0
  ],
  "mdkg_11": [
    5.0,
    5.0,
    71.66666666666667,
    21.666666666666668
  ],
  "mdkg_12": [
    6.666666666666667,
    13.333333333333334,
    21.666666666666668,
    71.66666666666667
  ],
  "mdkg_13": [
    8.333333333333334,
    8.333333333333334,
    48.333333333333336,
    35.0
  ],
  "mdkg_14": [
    11.666666666666666,
    11.666666666666666,
    26.666666666666668,
    76.66666666666667
  ],
  "mdkg_15": [
    13.333333333333334,
    46.666666666666664,
    40.0
  ],
  "mdkg_16": [
    20.0,
    53.333333333333336,
    43.333333333333336
  ],
  "mdkg_17": [
    11.666666666666666,
    26.666666666666668,
    61.666666666666664
  ],
  "mdkg_18": [
    11.666666666666666,
    66.66666666666667,
    41.666666666666664
  ],
  "mdkg_19": [
    28.333333333333332,
    40.0,
    43.333333333333336,
    28.333333333333332
  ],
  "mdkg_20": [
    16.666666666666668,
    10.0,
    20.0,
    86.66666666666667
  ],
  "mdkg_21": [
    66.66666666666667,
    0.0,
    33.333333333333336
  ],
  "mdkg_22": [
    10.0,
    56.666666666666664,
    33.333333333333336
  ],
  "mdkg_23": [
    13.333333333333334,
    40.0,
    60.0
  ],
  "mdkg_24": [
    3.3333333333333335,
    41.0,
    27.666666666666668,
    28.0
  ],
  "mdkg_25": [
    36.666666666666664,
    30.0,
    60.0,
    26.666666666666668
  ],
  "mdkg_26": [
    10.0,
    56.666666666666664,
    23.333333333333332,
    10.0
  ],
  "mdkg_27": [
    3.3333333333333335,
    53.333333333333336,
    8.333333333333334,
    35.0
  ],
  "mdkg_28": [
    11.666666666666666,
    21.666666666666668,
    43.333333333333336,
    23.333333333333332
  ],
  "mdkg_29": [
    100.0,
    0.0,
    0.0
  ],
  "mdkg_30": [
    96.66666666666667,
    1.6666666666666667,
    1.6666666666666667
  ],
  "mdkg_31": [
    45.0,
    43.333333333333336,
    31.666666666666668
  ]
}