{
  "10_1": [
    69.33333333333333,
    64.33333333333333,
    34.666666666666664,
    23.333333333333332
  ],
  "10_2": [
    56.4,
    74.2,
    40.8,
    35.4
  ],
  "11_1": [
    87.6,
    25.6,
    18.8
  ],
  "11_2": [
    80.0,
    25.2,
    38.8
  ],
  "12_1": [
    43.6,
    68.2,
    61.4
  ],
  "13_1": [
    21.666666666666668,
    72.83333333333333,
    36.166666666666664
  ],
  "14_1": [
    72.5,
    82.5,
    48.75,
    63.75
  ],
  "15_1": [
    21.8,
    27.0,
    70.0,
    84.2
  ],
  "16_1": [
    95.33333333333333,
    20.5,
    21.5
  ],
  "17_1": [
    37.4,
    90.4,
    35.6
  ],
  "18_1": [
    29.75,
    27.5,
    88.75
  ],
  "19_1": [
    63.25,
    77.5,
    33.5,
    57.5
  ],
  "19_2": [
    18.8,
    49.6,
    55.4,
    93.2
  ],
  "20_1": [
    13.0,
    43.75,
    87.75,
    36.25
  ],
  "20_2": [
    32.4,
    15.4,
    86.2,
    47.0
  ],
  "21_1": [
    83.6,
    41.0,
    40.4,
    51.0
  ],
  "22_1": [
    25.4,
    35.2,
    85.4
  ],
  "23_1": [
    97.16666666666667,
    22.333333333333332,
    18.0
  ],
  "24_1": [
    48.2,
    86.8,
    25.4
  ],
  "2_1": [
    41.666666666666664,
    65.16666666666667,
    6.333333333333333
  ],
  "3_1": [
    85.5,
    40.75,
    30.5
  ],
  "4_1": [
    42.0,
    60.6,
    52.6,
    80.0
  ],
  "5_1": [
    99.2,
    28.6,
    29.0,
    9.2
  ],
  "5_2": [
    100.0,
    37.25,
    25.75,
    7.25
  ],
  "6_1": [
    70.33333333333333,
    59.333333333333336,
    63.0,
    40.5
  ],
  "6_2": [
    51.4,
    48.6,
    88.6,
    71.0
  ],
  "7_1": [
    29.4,
    35.6,
    87.2,
    32.4
  ],
  "8_1": [
    52.0,
    40.0,
    28.6,
    94.2
  ],
  "8_2": [
    85.4,
    26.8,
    13.0,
    67.2
  ],
  "9_1": [
    41.6,
    20.4,
    20.8,
    90.8
  ]
}