{"4":[0.4659445185463582,0.34312810735421667,0.17720168933208919,0.013725684767335919],"1":[0.3599065693875011,0.24106078907042278,0.24106078907042278,0.15797185247165338],"12":[0.18632929913131152,0.5863329361892576,0.012935683381977212,0.21440208129745356],"20":[0.44621619422446746,0.03261001625182469,0.5211737895237079],"2":[0.21684744134318573,0.1996715182961987,0.3076785512356584,0.27580248912495703],"6":[0.44921460033577515,0.00477101417025107,0.359873623902628,0.18614076159134565],"11":[0.527021141174641,0.03353255660995645,0.43944630221540254],"13":[0.5898593265144381,0.4101134431356457,2.723034991628801e-5],"15":[0.008132451002050265,0.5798530178996104,0.13829120921685797,0.2737233218814813],"5":[0.3155021189263721,0.36850171968635514,0.0004940424609006749,0.3155021189263721],"14":[0.004713693668139883,0.4820232404677106,0.031239825396438794,0.4820232404677106],"21":[0.08245403093098938,0.6207231067101818,1.510248439356903e-5,0.29680775987443514],"26":[0.48976589544721566,0.5084020520049093,0.0018320525478750683],"18":[0.0007710146260258591,0.45434275690529186,0.5448862284686823],"9":[0.3333333333333333,0.3333333333333333,0.3333333333333333],"3":[0.4749580580968258,0.26525882254357364,0.1369876453065933,0.12279547405300731]}