{"4":[0.19253417423421776,0.3865929955947449,0.38659299559474475,0.03427983457629262],"1":[0.17434329762477307,0.22648964242941977,0.33146810787206854,0.2676989520737385],"12":[0.017125075083865758, 0.017125075083865758, 0.5401108973514481, 0.4256389524808203],"2":[0.249243104858496,0.28727411367854333,0.3444907706549709,0.11899201080798974],"25":[0.06136238798118075,0.09657847694484971,0.20623036330692826,0.6358287717670412],"23":[0.5709282495086307,0.2931243370370417,0.1359474134543276],"22":[0.11146044243690145,0.1371489548817405,0.3236487101097881,0.4277418925715699],"16":[0.011227953211777688,0.6165943876864757,0.3545059442927647,0.01767171480898183],"21":[0.6735605131811384,0.008467503737243108,0.0067291074115876015,0.3112428756700308],"7":[0.07183694323029513,0.5635663133326649,0.14213385103738094,0.22246289239965902],"8":[0.24218286613387327,0.27085606631005255,0.30633970124007204,0.18062136631600212],"26":[0.030516289088828405,0.484741855455586,0.4847418554555856],"17":[0.016561268172934553,0.30449484884245487,0.6637651639358148,0.015178719048795709],"10":[0.44910147351499263,0.09202355272086755,0.009773500249147523,0.44910147351499224],"19":[0.6152705688458285,0.08151255236789119,0.30321687878628034],"3":[0.18708074829193272,0.24303688391429973,0.15057295363658824,0.4193094141571793]}