{"24":[0.07853373917583066,0.2196780233418643,0.5101492725463651,0.19163896493593993],"29":[0.0674839250213376,0.2830632163900156,0.01859678146967303,0.6308560771189738],"1":[0.17499248799028394, 0.3106998952383953, 0.3106998952383953, 0.20360772153292553],"12":[0.3789530849293316, 0.30439987476582836, 0.012247165539011711, 0.30439987476582836],"32":[0.34577156103420087,0.34577156103420087,0.1785668484307601,0.12989002950083814],"2":[0.06684709238851015,0.24220973127986192,0.3329788170817774,0.3579643592498505],"22":[0.5735228859998674,0.4230804382704844,0.0020002923897130768,0.0013963833399349957],"13":[0.44254131985169093,0.5573955115779406,6.316857036843075e-5],"27":[0.2467949910382485,0.37660250448087573,0.37660250448087573],"31":[0.38145843842798777,0.288188107974428,0.33035345359758417],"14":[0.004179637668245686,0.14795056289322606,0.004179637668245686,0.8436901617702826],"7":[0.6655816216015163,0.019624860552430595,0.07448321176269476,0.24031030608335824],"8":[0.30450801490564,0.2607122811110998,0.21738985199163016,0.21738985199163016],"10":[0.0002072193107885262,0.4545043666464168,0.5450800445271254,0.00020836951566923835],"18":[0.010648618068626835,0.528397226876598,0.4609541550547751],"3":[0.20488120419317069,0.40170557573642207,0.20745285830265783,0.18596036176774938]}