{"18_1":[1.1990653308083745e-7,1.0462601826838124e-7,0.9999997754674486],"5_2":[0.9997258620558926,5.361783345114038e-6,0.00013438808038109546,0.00013438808038109546],"16_1":[0.9989406239967557,5.328435720564762e-5,0.0010060916460386158],"19_2":[2.1898298097658966e-10,1.5388148217591425e-5,1.789164761962146e-6,0.9999828224680374],"11_2":[0.9999626486427846,1.703129607523667e-5,2.0320061140175925e-5],"13_1":[0.0001962907942495933,0.9997424000933166,6.130911243366774e-5],"20_1":[0.00013325363047427512,0.0009890800500732685,0.9982715465163096,0.0006061198031427641],"20_2":[6.144687890718899e-6,2.9827869420671014e-5,0.999934199573268,2.9827869420671014e-5],"24_1":[0.00011729775814446291,0.9933549390610248,0.006527763180830841],"6_2":[0.0002542577969250903,0.0002542577969250903,0.9568066243864053,0.04268486001974465],"21_1":[0.9197073794576582,0.06162668605884101,0.004483528656238161,0.014182405827262322],"1_1":[5.07915126527686e-6,0.0003841025952441628,0.9996108182534906],"22_1":[0.00011784521310327254,0.0018910053170045867,0.9979911494698921],"6_1":[0.25,0.25,0.25,0.25],"19_1":[0.12873285011189445,0.12873285011189445,0.6138014496643167,0.12873285011189445],"14_1":[0.19046071467773865,0.19046071467773865,0.4286178559667841,0.19046071467773865],"12_1":[0.9040951096614718,0.04795244516926408,0.04795244516926408],"23_1":[0.9744578928568605,0.017489889907281463,0.008052217235858179],"10_2":[0.0007236519284683635,0.9992315711206403,2.4658278833406095e-5,2.0118672057890956e-5],"3_1":[0.952049452459494,0.04794838117507397,2.1663654320531836e-6],"4_1":[0.00016534602846044987,0.00016534602846044987,0.01483079502328797,0.9848385129197912],"5_1":[0.9757078090970343,0.0003273135057046935,0.011982438698630646,0.011982438698630646],"15_1":[0.0024202056739078687,0.0024202056739078687,0.4975797943260917,0.49757979432609256],"9_1":[0.0009852216361772134,0.006244981841338735,0.0004664111757667872,0.9923033853467172],"17_1":[0.002536617215962832,0.8941196676730686,0.1033437151109686],"7_1":[0.285488855671641,0.23817038144278635,0.23817038144278635,0.23817038144278635],"10_1":[0.38283862349262743,0.6099889370788908,0.003949800239247493,0.0032226391892342257],"8_2":[0.9626504365915107,0.036643799671533875,0.00035601680041317407,0.0003497469365423334],"2_1":[0.02086958412791827,0.9723672952941034,0.00676312057797831],"11_1":[0.5096261194416772,0.02577466632095536,0.46459921423736744],"8_1":[0.27903522401090625,0.37689591056079563,0.1720344327141491,0.1720344327141491]}