{"24":[0.0651353895353017,0.35280585839943657,0.42311459937061907,0.15894415269464268],"29":[0.46219346206634,0.16324999912367633,0.01072525281576786,0.3638312859942158],"1":[0.13805024724425446,0.32461243562448544,0.32461243562448544,0.21272488150677468],"12":[0.40604318999798256,0.2930432871484061,0.007870235705205186,0.2930432871484061],"32":[0.21441865862256063,0.4151939453393568,0.21441865862256063,0.15596873741552203],"20":[0.879546928420132,0.06657893973470086,0.053874131845167164],"4":[0.45005159846961545,0.331424337121491,0.20526654956806803,0.013257514840825385],"2":[0.06863992013992692,0.22188592399114646,0.34190925283549095,0.3675649030334357],"25":[0.8650034987412671,0.12122917176437283,0.008107540020340412,0.005659789474019611],"6":[0.23352627879495336,0.007211979448937705,0.21526814056671878,0.5439936011893901],"23":[0.7118904546657483,0.06850019073889994,0.2196093545953517],"22":[0.9362939759201747,0.058160845148945636,0.0032655396328295032,0.0022796392980501427],"11":[0.23884822972413033,0.022628002834268406,0.7385237674416012],"13":[0.31746611525175755,0.6824885694754278,4.531527281473661e-5],"15":[0.01699696677172139,0.5005212729169631013,0.09638596184513842,0.386095798466177],"27":[0.3333333333333333,0.3333333333333333,0.3333333333333333],"31":[0.2055351831541199,0.3701534814203574,0.4243113354255228],"5":[0.00022773163233618976,0.4994950563557504,0.0007821556561631357,0.4994950563557504],"28":[0.2208305172834216,0.04524818346700626,0.1841352208760001,0.5497860783735721],"16":[0.9259604174939164,0.0006546964565264618,0.0006546964565264618,0.07273018959303039],"14":[0.004075955620969671,0.1442804320173008,0.028882423431260452,0.822761188930469],"21":[0.018797025525433053,0.38856469695215673,3.4142357987050234e-5,0.5926041351644231],"7":[0.6842836653100579,0.02017629554990312,0.04847730224711302,0.24706273689292577],"8":[0.30450801490564,0.2607122811110998,0.21738985199163016,0.21738985199163016],"26":[0.5534435900609527,0.4445620479271755,0.0019943620118718607],"17":[0.060798512357124725,0.0005472908956379828,0.0005472908956379828,0.9381069058515994],"10":[0.00016785532725055704,0.3681653939969851,0.4415350524219335,0.19013169825383075],"19":[0.006916317232546322,0.5897382611902707,0.40334542157718295],"18":[0.0015783656950137444,0.9300978179540141,0.06832381635097212],"9":[0.3333333333333333,0.3333333333333333,0.3333333333333333],"30":[0.5753721569407004,0.42444462159991625,0.00010054926487090196,8.267219451236007e-5],"3":[0.20488120419317069,0.40170557573642207,0.20745285830265783,0.18596036176774938]}